utc_datetime,duckbot001_total_usd,duckbot002_total_usd,duckbot003_total_usd
2021-04-15 16:43:31.086013+00:00,611.4512181044324,603.83,629.52
2021-04-15 20:24:38.371937+00:00,611.2019611580597,603.83,629.52
2021-04-16 01:07:29.273480+00:00,606.469560771636,603.83,629.52
2021-04-16 04:31:14.150571+00:00,555.4295470177367,603.83,629.52
2021-04-16 08:29:54.640436+00:00,560.1889420320429,603.83,629.52
2021-04-16 12:34:36.465612+00:00,552.8018130220232,603.83,629.52
2021-04-16 16:42:27.966126+00:00,552.4384888155536,603.83,629.52
2021-04-16 20:24:24.449944+00:00,553.4137129586607,603.83,629.52
2021-04-17 01:05:51.817859+00:00,552.0979139241326,603.83,629.52
2021-04-17 04:29:18.351709+00:00,560.4390269453826,603.83,629.52
2021-04-17 08:26:41.552897+00:00,560.7201341984882,603.83,629.52
2021-04-17 12:33:17.826387+00:00,553.8859739987371,603.83,629.52
2021-04-17 16:41:32.184509+00:00,553.9079897288415,603.83,629.52
2021-04-17 20:23:38.802765+00:00,554.4584798034817,603.83,629.52
2021-04-18 01:09:17.078373+00:00,552.5413240600416,603.83,629.52
2021-04-18 04:30:22.805765+00:00,544.9566241592828,603.83,629.52
2021-04-18 08:26:48.046717+00:00,543.4522540581178,603.83,629.52
2021-04-18 12:33:42.589295+00:00,534.6122869834263,603.83,629.52
2021-04-18 16:40:38.407244+00:00,542.6069005339089,603.83,629.52
2021-04-18 20:23:27.835829+00:00,542.2286985988937,603.83,629.52
2021-04-19 01:07:31.731411+00:00,547.4942009313729,603.83,629.52
2021-04-19 04:30:43.637866+00:00,558.5010874373475,603.83,629.52
2021-04-19 08:27:48.239501+00:00,556.6247695827168,603.83,629.52
2021-04-19 12:34:41.394096+00:00,556.9771556041352,603.83,629.52
2021-04-19 16:41:57.709076+00:00,549.0085776856118,603.83,629.52
2021-04-19 20:24:15.806595+00:00,552.37038892814,603.83,629.52
2021-04-20 01:07:32.714378+00:00,545.9532166048049,603.83,629.52
2021-04-20 04:30:25.365668+00:00,548.8428140593285,603.83,629.52
2021-04-20 08:27:59.107749+00:00,549.6823269829598,603.83,629.52
2021-04-20 12:34:49.087412+00:00,556.6267492778757,603.83,629.52
2021-04-20 16:42:43.725947+00:00,559.9338031968826,603.83,629.52
2021-04-20 20:24:38.312038+00:00,571.807013094263,603.83,629.52
2021-04-21 01:07:13.515619+00:00,571.7912584369666,603.83,629.52
2021-04-21 04:30:28.539455+00:00,573.7600415660685,603.83,629.52
2021-04-21 08:27:48.639225+00:00,573.0653525542771,603.83,629.52
2021-04-21 12:35:11.726179+00:00,571.7938399495494,603.83,629.52
2021-04-21 16:43:13.078345+00:00,573.066118979713,603.83,629.52
2021-04-21 20:25:09.644583+00:00,568.9100132921974,603.83,629.52
2021-04-22 01:08:20.903316+00:00,567.525836404645,603.83,629.52
2021-04-22 04:30:48.197433+00:00,567.3121846931833,603.83,629.52
2021-04-22 08:28:49.848236+00:00,565.1029260030874,603.83,629.52
2021-04-22 12:36:14.049888+00:00,573.0519328013296,603.83,629.52
2021-04-22 16:43:08.096701+00:00,572.861843054049,603.83,629.52
2021-04-22 20:25:37.168486+00:00,558.056528301578,603.83,629.52
2021-04-23 15:11:17.380445+00:00,555.371969,529.866033,354.514629
2021-04-23 15:12:52.445598+00:00,553.1962032804394,516.8198658450934,347.21428510391763
2021-04-23 15:14:00.660850+00:00,553.2740565035036,517.4459501930558,347.564343110498
2021-04-23 15:17:19.368371+00:00,553.1667704748223,517.3158547441285,346.51416909075704
2021-04-23 15:19:18.912869+00:00,552.2621682869432,513.2788303446052,344.5346012991597
2021-04-23 15:19:37.124059+00:00,552.2368241279139,511.3070711968018,342.94398684820715
2021-04-23 15:19:45.982013+00:00,552.2231063613268,511.3070711968018,342.94398684820715
2021-04-23 15:21:55.922342+00:00,552.6889913061185,514.030944658716,343.5469830330524
2021-04-23 15:33:23.759406+00:00,555.3845331699323,531.2356602806324,353.964410770119
2021-04-23 16:01:10.689160+00:00,555.9881040387711,533.4777660337544,358.8466255392817
2021-04-23 16:44:31.823664+00:00,555.8491618809317,533.0758644246637,361.38038139249466
2021-04-23 20:25:47.258554+00:00,562.1913043363818,565.3054773686861,378.9309820095663
2021-04-24 01:08:38.850506+00:00,556.8818902118053,533.5511508847956,361.3049725931877
2021-04-24 04:30:55.324070+00:00,560.6938454770999,557.9353697384421,378.0034192557886
2021-04-24 08:27:27.502145+00:00,560.2863215039291,555.1136832931636,395.896331504843
2021-04-24 12:34:28.865012+00:00,553.9661454749719,518.9730621186993,370.1261596739612
2021-04-24 16:43:46.728866+00:00,556.1971439541474,532.8432600740223,369.7138114203272
2021-04-24 20:25:28.905540+00:00,556.0781019668168,531.7875745068395,365.6428177669457
2021-04-25 01:13:38.595494+00:00,553.4542055573085,514.2171938658903,353.6042115093385
2021-04-25 04:31:42.981610+00:00,551.3504601594539,503.4510068405126,351.5325059604148
2021-04-25 08:27:50.903172+00:00,553.025954841241,510.6726645938153,355.2906601395605
2021-04-25 12:35:20.782016+00:00,555.834167867202,528.0777019408733,361.60384466873086
2021-04-25 16:43:31.823672+00:00,558.0261185729603,540.36668554281,368.5410398992448
2021-04-25 20:25:18.593549+00:00,554.2530648085228,520.2673023992152,358.183294841373
2021-04-26 01:11:59.551336+00:00,560.8062559735772,557.7547122916735,367.96049960555285
2021-04-26 04:32:06.691691+00:00,563.2007362703326,568.2376320073568,387.5047707004484
2021-04-26 04:50:42.008307+00:00,563.0536313860242,567.013282212163,388.5981448413993
2021-04-26 08:28:48.217092+00:00,565.8189528211753,581.9236306089899,400.6623555650606
2021-04-26 16:43:42.574884+00:00,564.1248861765248,572.2658427777543,406.7451060185055
2021-04-27 01:06:49.820176+00:00,563.6830006716874,569.0837463635403,413.8167662340548
2021-04-27 08:28:27.206103+00:00,567.3972280280242,591.1212000134026,428.9467116966092
2021-04-27 16:42:50.893353+00:00,572.2603433605104,622.7281655075826,449.4492323694964
2021-04-28 01:07:21.260624+00:00,575.0203852232619,641.1021855784044,458.9662208195746
2021-04-28 08:27:47.806549+00:00,571.5636235915381,611.9848607774444,435.6162508724364
2021-04-28 16:44:36.575386+00:00,571.6441913812564,610.8872561088692,445.9291531021165
2021-04-29 01:05:41.048391+00:00,574.0421268057946,627.6203108458368,454.3384608853498
2021-04-29 08:26:36.307710+00:00,575.6918453813834,639.6665474624699,485.0110224012078
2021-04-29 16:40:31.609979+00:00,577.5829003266837,647.4040300328039,472.3374886863178
2021-04-30 01:04:52.192397+00:00,578.9072154352555,656.0328142383732,440.2680493241379
2021-04-30 08:28:35.510353+00:00,583.8695820081729,703.2443068026455,470.929174789769
2021-04-30 16:39:09.212857+00:00,583.9671318201301,701.7456381642598,475.4801908910541
2021-05-01 01:07:02.770577+00:00,585.0064939375221,710.947049728254,458.8800111563488
2021-05-01 08:26:13.160393+00:00,586.791970155379,728.289069403729,470.7487493417776
2021-05-01 16:38:02.527012+00:00,585.7529610473897,714.6398982108033,461.06211861818656
2021-05-02 01:11:41.668058+00:00,584.9153104377759,705.8217749150099,462.4624952555311
2021-05-02 08:25:25.139060+00:00,582.8042183426339,678.5189564115302,444.5381536158127
2021-05-02 16:39:06.943877+00:00,586.4814158496145,721.3787731360335,463.5028608728197
2021-05-03 01:07:11.615117+00:00,587.113198290469,726.4590057988471,464.8606616458357
2021-05-03 08:26:32.211904+00:00,588.0181440128295,737.3633793018674,474.8415025486466
2021-05-03 16:39:52.337090+00:00,591.9321635158303,784.5038523230271,466.7401548843997
2021-05-04 01:02:23.471726+00:00,590.2969307741571,747.3540975382372,445.7116579799598
2021-05-04 08:25:37.793763+00:00,590.7991692472624,754.2272046770549,442.1290443393936
2021-05-04 16:33:15.897481+00:00,586.0683706718017,681.5785393350857,424.7806341719066
2021-05-05 00:59:41.735247+00:00,588.9100206561773,704.0052883799704,442.108753728018
2021-05-05 08:24:29.831325+00:00,591.1274187092162,725.9414680499149,458.47296871376216
2021-05-05 16:35:45.949580+00:00,592.129303214078,736.744697811481,499.3568060573109
2021-05-06 00:58:38.961228+00:00,591.0127552688433,715.6594587436991,509.200478290416
2021-05-06 08:24:39.342810+00:00,591.8290162039128,726.908567993416,528.252014764483
2021-05-06 16:38:44.999318+00:00,591.0445526219705,715.5820216305395,600.7908047672797
2021-05-07 01:01:54.699644+00:00,589.8763586791835,699.0141743471711,589.6003927754932
2021-05-07 08:26:56.358066+00:00,588.8498387318277,688.2460282005886,602.7092919725055
2021-05-07 16:38:45.299414+00:00,591.0349121711569,711.6710840137866,627.9607742458204
2021-05-08 01:00:17.752220+00:00,590.0505257465328,698.6444821977029,604.5217453800998
2021-05-08 08:24:39.119561+00:00,591.1264372697106,710.9694733488271,600.5243863733302
2021-05-08 16:36:48.721655+00:00,593.3295871835927,734.3691785752098,573.0755606115483
2021-05-09 01:04:19.073071+00:00,592.3511169516738,719.1035512447951,581.349244243682
2021-05-09 08:24:24.096909+00:00,593.5311932697492,731.7387066274932,658.2334668484341
2021-05-09 16:37:10.039351+00:00,595.5713591142808,756.0709534359462,685.3867159671661
2021-05-10 01:03:52.861839+00:00,597.6806167449962,785.9902153744845,659.0417393525622
2021-05-10 08:25:49.391703+00:00,597.6571689625852,783.1102706816132,681.6880079007535
2021-05-10 16:38:06.830359+00:00,596.4844011117347,763.8815012661362,660.0225025359059
2021-05-11 01:02:43.624052+00:00,592.8654966284872,703.3974599335501,601.2480882618231
2021-05-11 03:55:00.314790+00:00,599.9608374210711,701.8493080179248,585.0439647032155
2021-05-11 08:25:36.368962+00:00,701.5582387763627,730.1325960685604,610.5542098023282
2021-05-11 16:39:54.055053+00:00,643.2091835160488,753.702840325807,658.6076942411759
2021-05-12 01:04:29.453040+00:00,641.8174930287928,769.4953476090382,682.5855318378358
2021-05-12 08:40:52.288706+00:00,670.1342336874951,763.5134861935741,669.958998211729
2021-05-12 16:43:19.826396+00:00,560.5208839167992,703.752223049702,618.0225163323478
2021-05-13 01:09:29.343886+00:00,489.39330806021127,639.0794677279503,572.8972855653584
2021-05-13 08:26:20.031561+00:00,477.45537501633646,648.155224920982,603.488015620298
2021-05-13 16:42:28.253539+00:00,475.1182557195431,634.7773630085148,695.3946604146108
2021-05-14 01:11:11.150404+00:00,539.995680506932,611.02221740242,671.9330623519951
2021-05-14 08:28:25.376522+00:00,635.4272432247745,628.456727927593,676.0379542776578
2021-05-14 16:43:03.117106+00:00,670.2669664112952,635.2134553529106,675.2969992052481
2021-05-15 01:07:57.987396+00:00,664.5672834164633,629.4824977784069,735.112434574118
2021-05-15 08:26:42.947025+00:00,622.3754311444363,607.3664927773585,802.4488167701916
2021-05-15 16:41:04.874728+00:00,582.8836499600004,594.0390161869987,851.960494603315
2021-05-16 01:15:04.818232+00:00,611.5600196821902,591.2269344497629,924.6150573182916
2021-05-16 08:25:39.438071+00:00,633.0920508110198,605.6050264284136,956.8267380108016
2021-05-16 16:42:42.275463+00:00,595.4670026035014,579.0059395817442,872.2419529348593
2021-05-17 01:08:40.165820+00:00,543.2188027753621,541.6233057663596,823.0879399508857
2021-05-17 08:26:36.206331+00:00,573.0258839642785,510.9134553541794,828.192864125991
2021-05-17 16:43:05.194481+00:00,536.6434211760926,476.03169888414095,756.7707325111669
2021-05-18 01:11:55.559022+00:00,549.5311995220986,498.1283345235721,756.6833360341438
2021-05-18 08:26:53.772857+00:00,551.8722492920324,504.103601219363,785.5090633978255
2021-05-18 16:42:25.570048+00:00,529.2671203634675,491.1773295369768,753.6744953200639
2021-05-19 01:07:59.103047+00:00,505.8404234760778,470.1141518048589,709.2773408062029
2021-05-19 08:26:39.698533+00:00,416.6006091776995,361.6727192687973,582.9527201903012
2021-05-19 16:42:18.841792+00:00,267.9767215360525,230.1792191384665,366.9798837847823
2021-05-20 01:05:37.032608+00:00,194.9306998182716,167.20205646595863,284.52768012087023
2021-05-20 08:26:19.015078+00:00,240.79545401343407,209.2969795691452,350.7577511393589
2021-05-20 16:43:40.299027+00:00,252.9369219039789,215.89613021298783,360.4288104321399
2021-05-21 01:09:56.654864+00:00,273.99021071424727,242.64713975321288,393.067733450885
2021-05-21 08:27:11.977125+00:00,253.6262328963335,217.96425406433264,348.39615509971907
2021-05-21 16:43:31.970247+00:00,223.8536864928789,176.90054885845154,303.65985991992807
2021-05-22 01:09:01.150690+00:00,207.71442475763112,155.88723996531422,289.8032645205179
2021-05-22 08:26:27.220331+00:00,193.8701272404097,137.84172789456835,259.0385319856209
2021-05-22 16:41:17.612190+00:00,194.60655066244152,143.13431859047037,278.22062233345525
2021-05-23 01:18:20.582117+00:00,199.5147865148945,142.78737809502803,277.143490050184
2021-05-23 08:25:50.829009+00:00,178.08151443000153,112.22318134487637,233.25459064206723
2021-05-23 16:41:19.705561+00:00,118.21289532625282,77.56097477572246,155.6649086093001
2021-05-24 01:15:18.020113+00:00,150.0081839110381,101.59271776709429,196.7146845260497
2021-05-24 08:27:01.315327+00:00,174.41989124270805,122.020848195001,242.8434604605208
2021-05-24 16:49:20.665535+00:00,172.4227940644514,133.93154340468573,249.3515676210756
2021-05-25 01:12:24.017160+00:00,200.359653754399,159.64523521467137,278.25751688495046
2021-05-25 08:32:36.158808+00:00,190.4630022219261,151.74066077574378,270.3408023500971
2021-05-25 16:53:13.231018+00:00,176.56633348042453,145.30257399810483,265.43270502209293
2021-05-26 01:27:32.344495+00:00,183.44993461468783,152.69893470364042,275.8604156129288
2021-05-26 08:38:46.252806+00:00,189.8090791489497,174.5521894127936,318.6691668347696
2021-05-26 17:00:25.166392+00:00,177.01246429068073,163.35262034209688,306.68333126494485
2021-05-27 01:40:30.997725+00:00,176.49027920802132,154.7112252044694,293.7521042949718
2021-05-27 08:47:12.267220+00:00,177.13578933960764,164.81092166675782,307.4161103241574
2021-05-27 17:14:37.294292+00:00,172.17536542321605,168.67552583692046,302.1379745703714
2021-05-28 01:49:37.220454+00:00,168.47797117050348,164.18507496296002,285.4034048053573
2021-05-28 08:50:15.575588+00:00,162.0241927962557,144.74741519512838,261.0699484147368
2021-05-28 17:13:31.477793+00:00,154.78702700875357,139.2284797232781,254.7142566716268
2021-05-29 02:04:59.136459+00:00,157.13014276449687,148.50033193748573,263.79053226695385
2021-05-29 09:01:46.206263+00:00,150.86852729573263,140.18596913483464,245.87250573293807
2021-05-29 17:18:36.196994+00:00,140.50873368040817,124.98811624094388,219.01592284522133
2021-05-30 02:18:53.854216+00:00,142.51098391114334,118.52337176879416,222.54728103923293
2021-05-30 08:47:04.216326+00:00,150.60120103241414,136.7128234188149,269.44794048411376
2021-05-30 17:16:55.018573+00:00,150.84332879952444,135.46640932219867,273.72359849515067
2021-05-31 02:30:24.280159+00:00,144.3321282738047,125.98233509971772,252.6010350390742
2021-05-31 09:07:21.143702+00:00,152.24057602719154,138.83007794555778,272.02312801488574
2021-05-31 17:38:55.595791+00:00,155.74582201868088,144.60012100611863,278.8110918226925
2021-06-01 02:55:30.693504+00:00,168.8025447624635,147.68427601017953,291.59749204301954
2021-06-01 09:27:14.568948+00:00,161.72425698661397,145.60501130429645,282.0977851156923
2021-06-01 18:05:36.177705+00:00,162.5551156278146,149.81581438386524,302.38450516042724
2021-06-02 02:56:42.278751+00:00,197.0382762280917,154.2891853335339,309.0986287949495
2021-06-02 09:58:40.563787+00:00,219.5606043883475,169.92498353645144,311.136899635982
2021-06-02 18:17:49.037686+00:00,223.4844924362248,186.37310285737493,308.1274852428528
2021-06-03 02:32:33.471452+00:00,229.85221343326108,175.195799942812,294.679150897944
2021-06-03 09:06:29.401465+00:00,242.727233506394,189.90992050964104,313.00879493308213
2021-06-03 17:48:56.173373+00:00,216.08880324966785,192.57952485474297,325.6622399897142
2021-06-04 01:59:17.382096+00:00,199.85372919745856,180.1892452145571,290.3643407493872
2021-06-04 09:38:31.863424+00:00,189.7755209630953,162.3518727083666,276.18731433912257
2021-06-04 17:46:57.833906+00:00,194.6834589673247,169.98730244507266,288.17885864087793
2021-06-05 01:41:08.072727+00:00,202.094539062605,180.76126572667064,293.3066898037035
2021-06-05 08:49:28.610693+00:00,205.4823627828885,187.76035856474235,296.59697367041827
2021-06-05 17:06:21.625969+00:00,193.9336386224673,173.2948949785714,277.7027497891635
2021-06-06 01:29:50.798626+00:00,192.603202317321,172.4084213853651,274.14820849112004
2021-06-06 08:51:26.215548+00:00,189.31828962876887,170.40750153450284,277.38879921437126
2021-06-06 17:02:51.851250+00:00,191.31781615552435,170.75036411900726,277.44691399178384
2021-06-07 01:35:28.450581+00:00,190.8396296435104,173.99345279761573,278.335442762776
2021-06-07 09:26:10.311889+00:00,191.20782253313823,173.2779512081649,283.56684080395746
2021-06-07 17:37:21.579208+00:00,180.27616287757093,167.28101099237205,277.9593808794134
2021-06-08 01:29:16.735962+00:00,160.85240124209338,150.6434699585124,249.53538655696377
2021-06-08 08:26:43.571359+00:00,159.85473232064822,148.13147125803852,248.06758728722528
2021-06-08 16:47:26.427519+00:00,142.95373020365088,130.9064543356343,227.0154732664724
2021-06-09 01:07:31.804423+00:00,142.579267617254,132.60890841253968,240.3397331228317
2021-06-09 08:22:58.893342+00:00,148.37947394470802,140.39433021522257,245.78033533884584
2021-06-09 16:40:20.570662+00:00,166.00744901204382,148.36799622060383,260.76428728129844
2021-06-10 01:05:34.873962+00:00,158.7565131846411,150.53390913030012,262.18513947724387
2021-06-10 08:23:24.486843+00:00,158.55347141519258,146.90182697086283,250.96093425277144
2021-06-10 16:39:46.707453+00:00,152.0557553396262,141.69854191368574,241.63235287066124
2021-06-11 00:59:51.041841+00:00,146.16066399808506,134.86564261593338,234.45723254431857
2021-06-11 08:21:40.544151+00:00,147.16249679549315,140.55263107765168,235.66178726893008
2021-06-11 16:34:21.662626+00:00,139.7859522374822,139.65499820193213,227.0568533625753
2021-06-12 00:55:10.642325+00:00,142.50607788443483,133.72752562809458,215.51823437829856
2021-06-12 08:21:13.105042+00:00,136.32738539630316,128.56452073711733,208.61351442293304
2021-06-12 16:31:40.416718+00:00,140.6745612767299,132.7940018553614,224.0362971964513
2021-06-13 01:01:39.635996+00:00,141.07092243754295,136.03447730561743,230.93003347878928
2021-06-13 08:20:53.476974+00:00,138.12575040279697,129.58275655310834,216.99689465345853
2021-06-13 16:31:50.996307+00:00,141.1616691640574,132.19497110384594,219.00041721053688
2021-06-14 00:58:02.713377+00:00,147.98473795427356,146.0573254359391,243.35136993968928
2021-06-14 08:21:47.208183+00:00,147.517357476849,142.77788758354993,239.7762517609452
2021-06-14 16:32:46.993501+00:00,153.67167313261825,151.59460365439793,251.48721653050904
2021-06-15 01:02:43.998983+00:00,150.7351751528809,151.3829858063322,249.96577110650333
2021-06-15 08:22:10.374715+00:00,151.82042402037388,155.3581235250737,258.33225953227634
2021-06-15 16:34:52.227550+00:00,144.96157053323498,148.44440649125627,246.68516827805064
2021-06-16 00:59:41.673522+00:00,143.83873360909243,144.4521357155046,241.58275713546163
2021-06-16 08:21:37.542587+00:00,143.6734043782368,147.07987140301282,248.8584996063572
2021-06-16 16:33:10.990145+00:00,138.40069564079357,137.77798098997218,234.7411734722212
2021-06-17 00:57:34.136735+00:00,138.80280872958974,138.26165099480613,232.4451754185473
2021-06-17 08:22:08.279210+00:00,138.81100405609828,142.90478563231653,239.30712427651247
2021-06-17 16:33:40.592548+00:00,135.864902893285,139.67989041897494,230.4764682617613
2021-06-18 01:00:49.463602+00:00,135.258619867349,138.13134846849908,225.1487225551496
2021-06-18 08:22:18.320208+00:00,134.08291136275074,140.78675614054424,229.84545140325952
2021-06-19 00:59:47.838296+00:00,126.43361154140668,129.91737149943526,212.78209769671736
2021-06-19 08:20:56.465072+00:00,126.14047955403376,131.54818276282185,215.75602327693207
2021-06-19 16:30:30.791721+00:00,125.69106525722634,131.1855069063247,212.3930259523172
2021-06-20 01:01:49.444413+00:00,119.76680363076082,127.46351722047828,204.26188902807235
2021-06-20 08:20:35.387218+00:00,120.63521334231078,129.63935671661596,210.1907084919875
2021-06-20 16:30:10.010837+00:00,116.20438244936967,124.66190301179286,208.105935851856
2021-06-21 01:04:10.070788+00:00,118.18493312229408,131.51548575834843,216.4115284493648
2021-06-21 08:28:01.282654+00:00,104.88301877809717,119.61970374594397,192.80773900977928
2021-06-21 16:32:03.485944+00:00,71.56164195598103,108.15901951359784,179.43641569103147
2021-06-22 00:56:44.888976+00:00,55.93990947880906,91.35486388268134,156.48127202946085
2021-06-22 08:21:31.611059+00:00,62.3358687882744,91.25327214382024,152.77467316279032
2021-06-22 16:31:36.076124+00:00,64.49988647803998,83.70703549405225,156.4555009183401
2021-06-23 00:52:50.957870+00:00,65.48693393666824,88.70820801790296,155.88095655651833
2021-06-23 08:20:15.662482+00:00,76.87555175930359,97.17515844007656,172.25648659341425
2021-06-23 16:24:29.258834+00:00,83.48803120207143,100.62525795767355,171.4574072041147
2021-06-24 00:47:07.615091+00:00,85.2518997111359,98.95416148085026,165.7580541424622
2021-06-24 08:21:50.211682+00:00,83.71662107186685,104.1947820402736,187.4128946018824
2021-06-24 16:30:55.582728+00:00,87.25741965677733,105.68436202305516,193.0736422369951
2021-06-25 01:05:04.292416+00:00,100.3796787428789,104.04310699685874,186.53032384875505
2021-06-25 08:21:23.391164+00:00,96.34633006535236,97.35682782843178,181.04515553141115
2021-06-25 16:30:43.265247+00:00,88.34636163074327,92.2778921679904,166.3563090464532
2021-06-26 00:57:41.352758+00:00,89.22144843849335,93.28662683798528,169.24078214320082
2021-06-26 08:20:47.739864+00:00,81.53435812245405,83.86182150505806,155.74373993441174
2021-06-26 16:29:23.721377+00:00,85.08009708151744,85.48090898970017,160.7395460004954
2021-06-27 01:06:39.089900+00:00,90.43652123484746,91.803515743195,171.16789286677982
2021-06-27 08:21:04.362057+00:00,90.0900667332116,92.78812635286582,173.7282819112008
2021-06-27 16:29:18.552637+00:00,89.89843497133391,89.0876875326399,169.25031802905596
2021-06-28 01:01:06.786003+00:00,96.9829034355838,96.38577112463364,182.1578187929192
2021-06-28 08:21:52.428264+00:00,96.58042750649294,98.8073546388654,184.1549705267832
2021-06-28 16:37:46.403235+00:00,94.5844614632244,99.57568965634748,182.42468461615795
2021-06-29 00:57:02.336059+00:00,95.7848887329518,100.13534667634326,184.4342225844265
2021-06-29 08:21:46.520542+00:00,94.94768480380615,99.82430447303592,185.0854130887031
2021-06-29 16:30:18.667818+00:00,99.69982192922232,105.8697816844169,194.3854652599157
2021-06-30 01:02:50.650012+00:00,96.55876339248996,101.20147055995486,189.1028736009083
2021-06-30 08:21:42.871230+00:00,93.81319588116509,101.58820391864153,185.63821165953783
2021-06-30 16:31:07.973786+00:00,86.7415699729417,93.49443450778712,176.9241640527677
2021-07-01 01:02:36.561666+00:00,91.40719552215197,102.64626921376248,190.86108547456288
2021-07-01 08:21:57.921182+00:00,85.75257971481696,94.527392512476,180.01318296128449
2021-07-01 16:30:45.526865+00:00,91.07856998889756,95.16526732409378,183.0074948381636
2021-07-02 00:59:22.261252+00:00,90.23057825560912,96.82937379242529,185.97300868382308
2021-07-02 16:32:26.003110+00:00,88.89237869700344,93.42745212290052,189.0000234766129
2021-07-03 00:58:15.632015+00:00,88.61767013261175,94.3664118868909,190.784677095724
2021-07-03 08:20:51.763728+00:00,90.57936461038416,98.62054957900057,195.27441459222672
2021-07-03 16:29:16.191077+00:00,90.61026155949276,101.13758701323763,200.9166541824461
2021-07-04 01:01:04.038620+00:00,89.36205348529053,99.85598189729978,195.6912580301004
2021-07-04 08:20:39.378081+00:00,92.22855816718888,105.23303510271424,204.5604896494677
2021-07-04 16:29:06.978315+00:00,91.84939987772204,106.84647114324456,208.11747878835115
2021-07-05 00:58:23.914226+00:00,89.41800494197379,104.45790086671856,206.18248746635945
2021-07-05 08:22:18.996622+00:00,87.32685804220328,102.150264727596,200.11412388764057
2021-07-05 16:30:13.158335+00:00,82.16887288293802,100.8924813127292,198.04293070816067
2021-07-06 01:02:34.003766+00:00,83.3488700139464,105.46691215487412,202.5799352765464
2021-07-06 08:21:39.723733+00:00,86.39618867965154,111.83967816499651,207.5923665770455
2021-07-06 16:29:56.973119+00:00,82.6691143750605,110.63342522639988,199.6414486768483
2021-07-07 01:02:58.339304+00:00,83.35566760979742,115.05716333403318,201.5569603770428
2021-07-07 08:21:46.097179+00:00,83.89271365745003,120.15674750105264,204.98978033797937
2021-07-07 16:37:35.779801+00:00,82.13397395644019,120.8862092499666,203.36614127546392
2021-07-08 00:59:16.661631+00:00,73.85975975841976,113.10331455676192,195.02994609947945
2021-07-08 08:22:01.045027+00:00,72.07007170651002,109.38933055221436,188.2976110380032
2021-07-08 16:36:12.864967+00:00,72.9251437552986,110.83232565102593,190.78738321107264
2021-07-09 01:01:00.415677+00:00,65.4362457117929,104.048577818888,175.29263252330136
2021-07-09 08:21:48.756080+00:00,73.64162986934278,106.06335466684196,180.1602999907018
2021-07-09 16:30:52.411664+00:00,75.02189121928186,110.58944229645331,189.10572163049443
2021-07-10 00:59:17.233995+00:00,77.97450063138228,112.50787594386011,188.74570388676608
2021-07-10 08:21:01.884345+00:00,74.87120009153134,110.14112348861777,185.6283751200585
2021-07-10 16:28:53.980578+00:00,74.66187245279392,113.08534539347691,187.061869253041
2021-07-11 01:05:28.581077+00:00,72.58178552407011,111.82443418828086,184.96867442649307
2021-07-11 08:20:47.823134+00:00,71.72747127248863,111.39496742794668,184.5946986493882
2021-07-11 16:29:05.926205+00:00,74.67850809671222,115.90977522513744,186.45252105779213
2021-07-12 00:59:01.471070+00:00,73.25873616125818,115.45471794665931,186.4222315860414
2021-07-12 08:21:48.465097+00:00,74.54952927216388,120.85105059697332,190.66162915614456
2021-07-12 16:30:18.795994+00:00,68.73368261354179,112.3597212316649,179.65285713241173
2021-07-13 01:01:57.997366+00:00,69.1033568851104,111.2756767405741,178.46906171505822
2021-07-13 08:21:46.233408+00:00,68.01212836915519,111.11932628328576,180.2274778627925
2021-07-13 16:31:05.075020+00:00,67.0475423112421,109.70269575734622,174.7326188862005
2021-07-14 00:56:54.063592+00:00,61.995078707962406,104.40615323003796,164.25370449750835
2021-07-14 08:21:26.898940+00:00,62.1129504094808,100.88847437816278,160.66316546664268
2021-07-14 16:30:38.233051+00:00,65.5715281164544,109.4169378021626,171.67152507604146
2021-07-15 01:01:23.991982+00:00,65.68647903315109,111.3216966719425,174.61493323962634
2021-07-15 08:21:55.801493+00:00,61.94660889524677,109.22716121795204,164.03646197621492
2021-07-15 16:30:31.027174+00:00,58.0152370887833,109.73511484828975,159.98345709707257
2021-07-16 01:01:14.504846+00:00,57.342104605815976,111.47314501432908,161.843408254012
2021-07-16 08:23:05.020289+00:00,57.15171842374978,109.51016972742258,158.2920676042396
2021-07-16 16:30:32.595586+00:00,56.32689894960858,110.0568108306728,161.7937014619368
2021-07-17 00:59:15.526663+00:00,53.17761183731368,107.54023639284722,154.62750941754027
2021-07-17 08:21:07.838166+00:00,52.3516334541966,103.09145165798054,150.55318160531698
2021-07-17 16:29:48.577723+00:00,53.17613834651208,105.78288420889992,153.0994588078173
2021-07-18 01:02:35.146176+00:00,61.44708668210259,108.72640803381977,157.8560907198378
2021-07-18 08:21:07.894373+00:00,59.89044497703497,107.70159292183764,157.529702517473
2021-07-18 16:29:09.554986+00:00,57.370228443266015,106.35638588343724,153.9507001048724
2021-07-19 01:01:15.810285+00:00,54.9091807576517,104.30209188374376,151.63123775542704
2021-07-19 08:22:08.023006+00:00,55.27895284661932,105.119572068621,153.97330626142173
2021-07-19 16:30:31.640494+00:00,51.71443990669886,96.37202358547697,142.20341798786328
2021-07-20 01:05:23.261940+00:00,51.57639427838446,94.16371452384232,140.94392660889213
2021-07-20 08:22:01.778274+00:00,48.92875844889517,87.33776691542606,131.21470731494173
2021-07-20 16:30:25.964838+00:00,54.82852417563035,88.96001146938681,131.81304637571316
2021-07-21 01:02:28.580042+00:00,50.97723397963952,85.95085977722486,127.64600061474589
2021-07-21 08:22:30.328855+00:00,54.251016273326,93.80021591734648,142.59355509423636
2021-07-21 16:30:50.084344+00:00,66.00844646435476,100.93116974293083,155.2868520420737
2021-07-22 01:02:43.750232+00:00,59.99363964795723,100.38317750807572,151.94213882843002
2021-07-22 08:22:00.358868+00:00,61.307524845157324,102.03464549426457,153.83682851425397
2021-07-22 16:32:24.596822+00:00,60.6814336759292,101.68646972993172,154.93385430005176
2021-07-23 01:01:48.234609+00:00,60.23562921911092,100.7755008199456,152.88461021735225
2021-07-23 08:22:16.949847+00:00,61.02395238353927,101.75170857260652,153.3925473032904
2021-07-23 16:30:40.507724+00:00,56.72624423993851,94.93873141325832,147.351347473727
2021-07-24 01:01:21.307844+00:00,61.10944849000242,103.14676082443933,158.73937467480366
2021-07-24 08:21:18.096281+00:00,61.213264135037775,104.73722494835994,158.75543225583337
2021-07-24 16:29:26.013235+00:00,63.49507512762701,106.2960735537324,161.4335286879103
2021-07-25 01:02:48.855082+00:00,61.64686631222367,103.20806728717582,159.05655619146745
2021-07-25 08:21:05.725122+00:00,64.23621218100439,105.55372200474628,163.52219639648422
2021-07-25 16:29:26.135919+00:00,61.80427472306988,102.24849324281352,156.66685279011537
2021-07-26 01:00:50.469054+00:00,66.64020198793216,109.7364409562702,170.64483046234488
2021-07-26 08:22:58.658448+00:00,73.6779105582282,113.43356102496108,184.4844123867635
2021-07-26 16:31:06.303296+00:00,74.79983072758367,114.75304018483014,183.7802566083227
2021-07-27 01:02:09.972918+00:00,67.23293748306357,108.17006281806675,169.26765960640645
2021-07-27 08:22:30.871553+00:00,65.99481779544155,107.34437855792942,168.54496577541838
2021-07-27 16:30:34.013657+00:00,65.73636766025746,108.68269227699656,168.1370357617649
2021-07-28 01:03:32.913435+00:00,66.68182494692218,109.85147965814464,170.5334763912681
2021-07-28 08:21:31.402390+00:00,70.44244189423198,113.15805278685768,178.007052989324
2021-07-28 16:31:52.152335+00:00,69.03522236130104,112.88806596398004,177.99632344633568
2021-07-29 00:59:54.105815+00:00,66.98108997586809,110.2385713540424,171.4371683886987
2021-07-29 08:22:27.500770+00:00,67.45244822353284,111.580516154579,171.84527867481182
2021-07-29 16:31:31.636757+00:00,67.47120230819124,112.83006988661924,175.3458506295472
2021-07-30 01:02:21.695124+00:00,67.97629104781147,113.80232654300384,176.82683583228877
2021-07-30 08:22:06.026748+00:00,68.37204557502994,114.81614299616,177.38878898258304
2021-07-30 16:30:28.512424+00:00,65.50649449494432,110.85848567227748,172.0965260936659
2021-07-31 01:00:46.381594+00:00,71.1369646895194,117.6863165884108,183.25787525645703
2021-07-31 08:21:10.612903+00:00,69.32779244810116,116.53634654968852,180.69228297879096
2021-07-31 16:29:13.330600+00:00,70.13439877335992,121.22497117141988,180.10653598876652
2021-08-01 01:08:49.054088+00:00,71.49436958639464,127.47448457295548,189.10401682980387
2021-08-01 08:21:20.774731+00:00,72.40223214549303,128.54457004129756,193.2107028269314
2021-08-01 16:29:27.494106+00:00,69.31659236501449,123.5951587693532,186.3413756049
2021-08-02 01:00:41.998013+00:00,67.20971566833757,120.87277263373502,179.24811404387532
2021-08-02 08:22:23.845045+00:00,69.14820150992205,124.05008386044608,186.8431300166439
2021-08-02 16:31:01.402714+00:00,68.74256538142578,125.36831657362444,186.5006294554671
2021-08-03 01:05:07.826721+00:00,67.14168244693201,122.22433376038346,180.65402506043887
2021-08-03 08:22:21.234683+00:00,64.84107886270459,117.5954819461999,178.8017280922702
2021-08-03 16:34:09.000673+00:00,63.64837867656983,117.17344117595208,188.7635774931697
2021-08-04 01:00:34.464275+00:00,64.84780766077498,118.39976885314928,191.3949595690201
2021-08-04 08:22:20.604625+00:00,63.3601332957883,117.0575800564616,185.5392769716717
2021-08-04 16:33:10.719090+00:00,66.19991858461998,124.0203410032984,194.53511435731184
2021-08-05 01:01:00.561249+00:00,65.8915311144038,123.38603277256152,193.7523142978548
2021-08-05 08:21:33.701789+00:00,64.84822548043117,121.75529912737149,194.0913045371373
2021-08-05 16:30:32.788846+00:00,65.08010121320498,122.34660154420033,194.86115855062988
2021-08-06 01:04:45.462747+00:00,65.3857407847978,125.61795406436954,195.69740910953823
2021-08-06 08:22:09.773261+00:00,66.02194444879777,124.75130306955258,195.8594298932544
2021-08-06 16:31:08.560556+00:00,68.04647429424396,129.37480743685933,202.83718922181268
2021-08-07 00:55:44.054222+00:00,69.69367971900557,129.99034725201062,203.2163783114169
2021-08-07 07:01:20.576411+00:00,71.95444212691808,131.84007201895207,207.21231296942824
2021-08-07 08:21:01.763242+00:00,72.34271347577815,132.39495483643958,208.29400950582465
2021-08-07 16:29:09.183874+00:00,81.47659897590843,131.06280569748185,205.44539464693875
2021-08-08 01:01:34.596609+00:00,97.13940131419484,136.08623698503538,216.6789528602056
2021-08-08 08:21:14.973796+00:00,94.64177228046772,136.46326817095894,217.30588953979665
2021-08-08 16:29:10.893519+00:00,86.84834355725795,131.4176487542105,211.7328962595897
2021-08-09 01:01:06.251576+00:00,76.17950775537325,124.7783609532011,200.4038064844954
2021-08-09 08:22:03.199259+00:00,81.49426357198355,128.5818785510911,205.20160044162745
2021-08-09 16:30:35.069467+00:00,86.11485076877187,135.80714690698642,216.74919847968584
2021-08-10 01:03:16.140762+00:00,87.76098554335306,133.93346929405752,215.06820525322635
2021-08-10 08:25:42.664044+00:00,88.88549520206519,135.77312317501173,217.21890879115605
2021-08-10 16:29:34.015561+00:00,83.28373777402521,141.5132901011676,232.0611022071984
2021-08-11 01:01:44.505342+00:00,89.5780638258496,149.1671081376668,264.3101975200213
2021-08-11 08:22:01.162412+00:00,92.5685185353056,153.0467001011494,274.4334013898874
2021-08-11 16:29:44.378294+00:00,99.0874596651761,160.46433013925298,297.6878689135294
2021-08-12 00:59:31.966381+00:00,97.63694621052689,160.18424613589173,294.1088812183436
2021-08-12 08:21:10.300749+00:00,97.9341049388407,153.47826012877812,289.2458987252159
2021-08-12 16:30:12.476750+00:00,87.53573407726404,145.2067858953232,258.1175998776557
2021-08-13 01:00:34.241252+00:00,95.52191479396149,156.52847454966988,304.4061225667588
2021-08-13 08:21:59.056998+00:00,99.212586322389,162.43711307014823,326.5321649307658
2021-08-13 16:30:01.124375+00:00,98.7753305049751,159.56995165812083,332.89979156717544
2021-08-14 00:56:13.319197+00:00,107.591746705669,165.84142330918723,360.7681156586439
2021-08-14 08:21:03.601331+00:00,108.91545634137832,171.44535640058697,370.0303899363584
2021-08-14 16:28:46.822717+00:00,107.46345027484766,167.03405854660122,382.999322934332
2021-08-15 01:00:14.541556+00:00,108.60154175394004,166.1292640084877,383.6326679701688
2021-08-15 08:21:20.502134+00:00,109.4600677074411,161.70622588301867,355.485555753998
2021-08-15 16:28:41.767541+00:00,116.16193773782352,164.0532855687157,358.7539242413121
2021-08-16 00:59:49.664603+00:00,131.9644405501022,171.06785162623046,371.6917844849505
2021-08-16 04:50:07.960377+00:00,131.48591802297994,170.53186143248712,365.3439397133734
2021-08-16 08:21:57.569365+00:00,130.24737996696663,175.69276878802305,373.78622974451
2021-08-16 16:31:51.696737+00:00,129.3501056087232,177.63458701378755,363.0728352441957
2021-08-17 00:59:03.793661+00:00,118.54831831360607,169.10526578243037,345.29886563160466
2021-08-17 08:22:13.122014+00:00,126.34559020593788,174.93165592662888,350.0101917442838
2021-08-17 16:30:07.664490+00:00,121.16772045918827,174.1893268091189,344.48050221695354
2021-08-17 16:33:33.321038+00:00,120.32955283520997,173.80017619237805,343.4603708609661
2021-08-18 00:48:24.917263+00:00,105.6706916318506,159.82722697301222,330.68251411092507
2021-08-18 01:00:27.229912+00:00,106.77863638913784,161.43315892647183,332.084970923158
2021-08-18 08:21:43.339539+00:00,108.39650046890064,160.60112726763535,335.54717127169334
2021-08-18 16:30:44.072766+00:00,121.32739320296838,166.83946644945811,343.41529103388194
2021-08-19 00:53:27.491091+00:00,114.48725230412768,161.86244443055222,334.96266605519713
2021-08-19 08:22:17.604178+00:00,111.47703210306464,162.4061677113422,329.8891061179199
2021-08-19 16:30:23.919523+00:00,114.8926671382574,174.889138890235,343.5506455148693
2021-08-20 00:58:23.592528+00:00,124.07406385825324,180.4009124743542,358.3709863639956
2021-08-20 08:22:05.852898+00:00,121.51041565157264,175.1852888407305,355.87733623149666
2021-08-20 16:29:31.046909+00:00,128.5126731112619,192.86187812859444,378.09562925159577
2021-08-21 00:58:00.413653+00:00,124.16233515511352,189.8101203927792,378.1762222989548
2021-08-21 08:21:35.913891+00:00,126.61808132655622,196.6477356195723,377.8403944304239
2021-08-21 16:28:59.424927+00:00,124.32929152312552,194.97287336470865,384.9981531200484
2021-08-22 00:58:37.750652+00:00,121.72384555093656,193.29453721520943,378.5665115318656
2021-08-22 08:20:56.513391+00:00,121.61872648875038,193.6406103807608,378.5815225750747
2021-08-22 16:28:51.285541+00:00,117.6264967746099,187.8224191598848,374.7800989241023
2021-08-23 00:55:34.613105+00:00,119.67080965008714,191.0699155723908,383.0153124533
2021-08-23 08:22:24.707490+00:00,123.7196208840891,213.0659649262093,392.1094504582618
2021-08-23 16:32:14.560833+00:00,122.1768145767779,221.48669362049205,384.9394731527552
2021-08-24 00:58:37.645424+00:00,120.10788454354385,218.5781565118908,380.6823123798709
2021-08-24 08:22:45.653464+00:00,119.82240854378946,218.89094063147,385.7877751467929
2021-08-24 16:29:59.114811+00:00,100.43292747708242,200.2034649192691,367.7115066594648
2021-08-25 00:59:28.968403+00:00,104.68233741155863,206.55072157031924,366.44403938885023
2021-08-25 08:22:00.985314+00:00,102.63135298857011,209.6230139125659,364.72240831090056
2021-08-25 16:30:05.497125+00:00,105.05390437424724,220.0172638275463,373.5976925921101
2021-08-26 00:57:18.614040+00:00,105.60413136953326,229.46107514177683,380.4319774622935
2021-08-26 08:21:59.073566+00:00,94.8762579098188,207.86266478967832,351.2221637396758
2021-08-26 16:31:01.475400+00:00,89.07941390944075,201.4631132840552,349.1123123212165
2021-08-27 01:03:55.376402+00:00,92.68122082441867,207.09301134242628,357.4714424140734
2021-08-27 08:22:02.590223+00:00,93.35243309742836,205.1990155914904,357.1763930259328
2021-08-27 16:29:38.612362+00:00,98.09620282587122,209.93074880124948,366.1209570400762
2021-08-28 00:56:14.006088+00:00,104.75022082085106,213.41964227781705,377.5524025853789
2021-08-28 08:21:17.962828+00:00,101.02110243090668,210.60502553190176,375.48532472440695
2021-08-28 16:28:58.176750+00:00,99.77693299634169,210.554340994274,375.2256349045908
2021-08-29 01:02:39.468822+00:00,101.43883240221076,214.26763290637064,381.2739472617702
2021-08-29 08:20:53.888245+00:00,97.41764531116333,210.911895354981,369.9469676498449
2021-08-29 16:28:50.708075+00:00,94.75215038364335,205.5527496884571,367.6306270398599
2021-08-30 00:59:43.878140+00:00,94.90048712997404,200.586797944335,367.7545718965242
2021-08-30 08:22:12.169778+00:00,95.96690998654702,203.2137849472594,361.9492853956653
2021-08-30 16:30:41.712343+00:00,94.29824165901084,200.4159874313624,364.5981052798343
2021-08-31 01:01:29.415033+00:00,90.98101858817806,187.47822533781607,347.50769626441263
2021-08-31 08:22:17.794417+00:00,93.91856119482202,194.9572698166893,359.17972148207
2021-08-31 16:29:46.127678+00:00,97.6270321924066,198.16298848000065,354.9645846136671
2021-09-01 01:06:22.200807+00:00,92.68991784347632,189.48854093149268,347.58703958916647
2021-09-01 08:22:22.794899+00:00,94.7280131958067,197.08400966556133,353.5342304124744
2021-09-01 16:30:14.711189+00:00,95.5430528789293,202.5300105417732,354.6757292581028
2021-09-02 01:01:15.128448+00:00,106.87963159983045,214.05251930929603,368.72119581059104
2021-09-02 08:22:25.546935+00:00,105.57396408720058,209.6789663249312,381.74723491728855
2021-09-02 16:31:53.034508+00:00,103.59318116111592,205.73452711098383,378.0080981520707
2021-09-03 01:00:19.090016+00:00,99.59048406663014,199.2825402061585,365.5193843481239
2021-09-03 08:22:19.135399+00:00,101.60005630162674,205.15353695843223,375.1246296336353
2021-09-03 16:29:57.554123+00:00,105.60945743547651,209.60066387722983,388.9693387048343
2021-09-04 01:00:49.735954+00:00,102.88945359400148,208.51552697660887,379.8614688739635
2021-09-04 08:21:40.027104+00:00,102.49459328792057,207.6536662372721,382.7850589142058
2021-09-04 16:29:16.039585+00:00,106.90069942851926,214.40607776706327,380.9894884812546
2021-09-05 01:03:36.643033+00:00,105.26983063243055,214.0251324020752,383.4191644586905
2021-09-05 08:21:45.634644+00:00,104.82812871489588,210.7209139449336,380.8453523171983
2021-09-05 16:29:03.415503+00:00,106.9291951738578,212.45732690204343,384.0135812512381
2021-09-06 01:07:41.548622+00:00,110.72393154247192,215.4999553338508,400.2258680398256
2021-09-06 08:22:38.058230+00:00,110.042717043385,216.0993378421824,400.1835589559554
2021-09-06 16:30:49.524686+00:00,108.0924327735013,212.69117252329528,398.9375878802323
2021-09-07 00:59:25.539165+00:00,107.34282940340174,211.3793151514348,408.7845980377398
2021-09-07 08:22:19.203604+00:00,102.29770371418948,205.8455101039072,403.56310965581577
2021-09-07 16:30:32.744612+00:00,72.46465861932518,161.76016592055493,333.8574203444165
2021-09-08 01:00:13.606211+00:00,74.55797653812161,160.1713219187531,334.93199756999843
2021-09-08 08:22:19.608177+00:00,64.05152040780246,139.72701460559554,307.90143973230863
2021-09-08 16:30:12.185305+00:00,74.70881088029483,157.71564457760218,326.5028874629859
2021-09-09 01:04:26.679891+00:00,72.92279739968401,157.7573096668885,326.5883285989249
2021-09-09 08:22:30.196004+00:00,73.23959874316111,159.19025331410802,328.2365520643284
2021-09-09 16:29:36.665542+00:00,73.33165410784474,161.21878064890086,335.4677117848582
2021-09-10 01:05:07.546784+00:00,72.09618621015201,166.27828845320602,331.16225736338595
2021-09-10 08:22:21.258117+00:00,70.31271651788558,159.75250589648522,325.3728828956142
2021-09-10 16:29:36.975696+00:00,67.13417909863409,151.88265231402215,317.809903748872
2021-09-11 01:00:35.570042+00:00,66.60138864404672,150.78226368035888,314.4177884118544
2021-09-11 08:21:32.110859+00:00,65.63177129357305,151.99207836549158,311.9076683596121
2021-09-11 16:28:37.195016+00:00,68.05785704240682,155.34657551160836,318.993854998983
2021-09-12 01:04:16.576280+00:00,66.21168724625946,150.13034635722602,312.15664409068324
2021-09-12 08:21:25.730386+00:00,67.66931342035684,156.2580872895719,322.14501331163865
2021-09-12 16:29:04.749274+00:00,68.00436697190409,159.38431185531556,322.99709320229766
2021-09-13 01:04:12.842275+00:00,69.13582739735705,156.74131102574609,323.6172235020264
2021-09-13 08:22:29.461172+00:00,62.09271712860694,142.85868849966877,304.5608783616186
2021-09-13 08:42:12.088680+00:00,62.52486555240544,143.45879943945323,304.7064520001845
2021-09-13 16:28:43.011151+00:00,62.660092850018025,145.5665099759421,305.3702595608672
2021-09-14 01:05:43.688910+00:00,63.93639884819923,147.63687789491533,314.846341476366
2021-09-14 08:22:31.011035+00:00,64.60056324482846,150.6685232251404,321.5647350897818
2021-09-14 16:29:38.587774+00:00,65.65189783804726,152.62132983446267,330.6576428385764
2021-09-15 01:01:54.917628+00:00,65.3820236881673,155.61944342026547,336.2376400943915
2021-09-15 08:22:19.530330+00:00,66.29690338415762,161.18620834192728,335.73359757311323
2021-09-15 16:26:28.353916+00:00,67.65743502237572,167.6362069457299,347.3714584684699
2021-09-16 01:06:00.301912+00:00,67.61589515937311,164.0033176616376,343.6246484046454
2021-09-16 08:22:54.612470+00:00,67.21052178397402,164.02562101788695,346.32327972725705
2021-09-16 16:29:13.821878+00:00,65.8478809087445,162.62113667993094,343.642002614432
2021-09-17 01:08:38.403446+00:00,65.07224279833878,159.76854575807187,338.631234604189
2021-09-17 08:22:36.592317+00:00,70.31603367879488,158.8381160446616,342.388112622732
2021-09-17 16:29:42.582777+00:00,66.99229993128617,154.88226614291426,339.5777923234977
2021-09-18 01:00:56.896936+00:00,65.83948197801914,151.40688072061494,337.69729320110093
2021-09-18 08:21:33.615695+00:00,67.29847481471687,157.80541789786773,350.6819462597143
2021-09-18 16:28:28.566554+00:00,66.30931685588548,155.4859609585887,347.391524016788
2021-09-19 01:03:26.338938+00:00,64.92162941841012,151.63010485513,341.97638287229324
2021-09-19 08:21:25.588704+00:00,65.60174606592756,153.97845827696682,345.83144875829
2021-09-19 16:28:16.690511+00:00,64.26030158674789,156.74202051446622,339.6289432739439
2021-09-20 01:05:43.916623+00:00,60.91203488479184,150.50925690313855,334.10768891826046
2021-09-20 08:22:50.665549+00:00,56.3677478919969,137.93011263755974,309.9640468676393
2021-09-20 16:28:08.939267+00:00,54.06439528980816,130.58759061229148,300.00859459554806
2021-09-21 01:03:46.989925+00:00,50.06952163030397,120.01274298098278,275.5799624833992
2021-09-21 08:23:00.694914+00:00,52.43307360378655,128.572961536914,288.4976929060341
2021-09-21 16:29:38.692970+00:00,53.018822300688086,128.71478906301604,288.34942926657726
2021-09-22 00:56:11.891224+00:00,49.41685761457583,116.5252565818451,266.38408605623545
2021-09-22 01:04:44.143509+00:00,50.0299815540281,117.3934178630382,268.0104317426109
2021-09-22 08:22:31.921326+00:00,52.75262136330802,124.3114660535394,281.5053505262638
2021-09-22 16:29:51.884511+00:00,57.49785777409621,129.7468929319446,288.8916744266087
2021-09-23 01:06:58.805468+00:00,56.80623366078086,130.85965185104945,289.0978420667718
2021-09-23 08:22:42.440882+00:00,57.69332728049177,133.8729502677274,297.6698788147236
2021-09-23 16:29:14.757628+00:00,55.81102230092059,130.6236230375094,294.1865844244125
2021-09-24 01:03:43.983925+00:00,58.592184170144655,134.26304531315805,303.0345892987974
2021-09-24 08:22:38.834838+00:00,56.75556829389258,133.24339284010412,306.5020999727243
2021-09-24 16:29:38.578584+00:00,50.14272683354703,115.51099609603898,276.9856957500913
2021-09-25 01:01:39.926448+00:00,51.527670442767146,119.53879876482242,283.7501238890542
2021-09-25 08:21:41.903439+00:00,49.80292264739675,114.69678900885322,276.9851256553209
2021-09-25 16:28:38.715228+00:00,50.05959960480036,114.90558985622737,281.24233427136915
2021-09-26 01:04:54.828342+00:00,49.932862193000105,113.52600376287322,281.7061604334484
2021-09-26 08:21:46.721695+00:00,45.51038253373921,99.66858798689714,267.66148784516224
2021-09-26 16:28:32.080836+00:00,49.94419893724529,115.22765518119256,289.68773624440223
2021-09-27 01:02:45.806219+00:00,50.02371213655894,115.36507159792566,295.30876766727897
2021-09-27 03:10:23.518645+00:00,50.6005213846649,117.8618986423715,298.68967670189505
2021-09-27 08:23:10.595003+00:00,49.95826109299645,116.09044083175648,294.7946646966785
2021-09-27 16:32:10.133413+00:00,48.66377449622223,113.44866107101724,289.9269658544057
2021-09-28 01:03:50.523229+00:00,47.39158041106629,108.852914936529,279.063704240899
2021-09-28 08:22:56.563466+00:00,47.96425399851974,109.58588222315984,277.1207033863193
2021-09-28 16:29:34.849447+00:00,47.3705381523702,109.8523117712728,273.1005741341736
2021-09-29 01:01:03.812323+00:00,46.49824888563775,109.65776427533017,272.8138352003558
2021-09-29 08:22:25.284455+00:00,47.55317830314188,113.09501268697518,279.2243791654296
2021-09-29 16:29:39.256693+00:00,47.09778521503686,123.76454595390784,271.564874370536
2021-09-30 01:08:39.782042+00:00,47.473400763986206,125.23174101829916,279.46140968829707
2021-09-30 08:22:38.273815+00:00,47.64315895288547,126.50693696422589,286.63306498543386
2021-09-30 16:29:53.051162+00:00,47.61763317198177,128.7966987098714,286.6132348138681
2021-10-01 01:08:02.852936+00:00,48.55539156732897,133.74680003826302,291.7937167314569
2021-10-01 16:30:53.964706+00:00,52.727466916165824,146.82479061513993,329.0671826119667
2021-10-02 01:02:32.722873+00:00,54.318173835882135,148.31749613778032,332.54373693702144
2021-10-02 08:21:39.549728+00:00,53.235732184918014,149.67846783447317,330.38479978258533
2021-10-02 16:28:46.581908+00:00,55.02192079998064,157.16270541099854,331.8083272498018
2021-10-03 01:09:41.286744+00:00,53.30333631001328,153.1749037607246,327.38500409362985
2021-10-03 08:21:47.028115+00:00,53.96856689769746,156.02838949622918,333.5456148825024
2021-10-03 16:28:41.812576+00:00,54.73961928609084,155.62975965056037,333.71080106119337
2021-10-04 01:08:54.280116+00:00,53.53391328738719,152.0835649352078,331.7206323455076
2021-10-04 08:23:15.797397+00:00,53.035281218468285,151.90461799981006,332.233239591642
2021-10-04 16:29:57.827131+00:00,56.5432533390924,153.68146597647737,341.28987001709686
2021-10-05 08:23:41.735122+00:00,60.36588628348193,158.11323447841005,350.2671115522887
2021-10-05 16:30:18.609160+00:00,66.62496516289943,158.39079414743787,352.3947185195032
2021-10-06 01:04:46.198883+00:00,65.22130308521449,162.2723295908005,367.8660482584738
2021-10-06 08:23:10.606089+00:00,65.90630238069221,154.23943473011082,365.7742940891477
2021-10-06 16:27:24.306451+00:00,68.12606054656845,160.838338246607,405.8323369190893
2021-10-07 01:06:18.649172+00:00,65.37540394070419,157.41914607112574,405.0866068088585
2021-10-07 08:23:34.737605+00:00,66.1814669927639,168.2536693276607,403.4779059783351
2021-10-07 16:25:10.538970+00:00,62.91767650734977,161.86000160911783,394.08395302958814
2021-10-08 01:07:50.947159+00:00,64.4492461539549,163.39394581963228,397.99828101926187
2021-10-08 08:23:27.639608+00:00,64.90940163337086,162.04607653814347,409.8940648897484
2021-10-08 16:31:01.036790+00:00,64.70314365668713,154.08286973269003,399.30080582984056
2021-10-09 01:01:33.787192+00:00,64.0992869718784,152.8635561134849,398.6270559748708
2021-10-09 16:28:46.844769+00:00,65.42693616406645,152.2557637322867,405.07340975531935
2021-10-10 01:05:55.957409+00:00,63.929386974957,149.55073691623306,402.5775662597677
2021-10-10 08:21:59.785126+00:00,65.3122016958846,152.14715510907251,414.3288956678142
2021-10-10 16:28:51.356234+00:00,63.217069197712576,150.2980671400415,408.4426695354148
2021-10-11 01:05:58.913821+00:00,58.48926646445872,144.2898995377642,407.4450770461916
2021-10-11 08:23:01.899086+00:00,60.97820832716461,151.2673378540277,421.688996660566
2021-10-11 16:29:53.607951+00:00,59.05544765834898,149.4225808773321,432.1073583623361
2021-10-12 01:08:14.431935+00:00,56.72159619463601,144.18280641932898,424.30553538520496
2021-10-12 08:23:32.532272+00:00,56.95018049119044,143.68325087979093,432.61886158927007
2021-10-12 16:29:50.373533+00:00,55.06956396503219,158.14070894811647,415.8032746603669
2021-10-13 01:06:33.763600+00:00,57.82293134220819,168.1836203500784,419.5510249494398
2021-10-13 08:23:13.770691+00:00,55.59506823024968,174.51976652033133,405.4748877472833
2021-10-13 16:30:08.130575+00:00,56.48558980751739,170.13898381688756,418.95581404136897
2021-10-14 01:04:00.017344+00:00,60.1298061379223,176.40749943995928,437.5654039545988
2021-10-14 08:23:30.592396+00:00,61.00400124418614,181.59427505596204,432.4564903043842
2021-10-14 16:29:44.887954+00:00,59.00856346972849,177.22774573294936,427.6682691445903
2021-10-15 01:08:40.790416+00:00,57.51848627646592,173.3649526102007,425.700896778316
2021-10-15 08:23:11.944945+00:00,57.242385210813545,172.73205277908977,451.57039492353937
2021-10-15 16:30:19.273185+00:00,58.33437794968842,173.54730572662697,465.0739152921452
2021-10-16 01:10:25.033478+00:00,61.26810142946815,179.66194059213376,474.85297757478907
2021-10-16 08:21:57.010629+00:00,61.1613759579627,182.85298395334604,479.18328074377285
2021-10-16 16:28:53.391850+00:00,61.55332224762054,175.80611205539293,465.86690068401606
2021-10-17 08:22:19.563257+00:00,60.53473121727001,176.62387943583204,464.8467056122371
2021-10-17 16:29:12.492902+00:00,60.33849188608973,175.14248033018538,467.2940186792261
2021-10-18 01:08:45.477792+00:00,61.50587916207685,179.5226115197886,485.80539961359136
2021-10-18 08:23:22.341757+00:00,63.47581361145349,178.9770542783873,479.8592622967615
2021-10-18 16:31:52.544861+00:00,67.63317807724498,182.3260795988033,480.4283888193896
2021-10-19 01:08:30.822954+00:00,64.03590645344106,186.67981044095808,478.8434735916372
2021-10-19 08:23:33.462830+00:00,64.73402215352607,189.8146086796466,480.6729170956146
2021-10-19 16:30:05.040509+00:00,63.6142436037114,187.14664218446083,487.30741900127737
2021-10-20 01:07:58.728287+00:00,63.29448703395818,185.61337205473785,503.4599752001226
2021-10-20 08:23:32.867200+00:00,64.38364814714942,187.8915857820959,504.6601988287353
2021-10-20 16:30:49.759120+00:00,67.16103046752826,198.38251496430803,534.0182794686715
2021-10-21 01:13:19.345848+00:00,68.6348809120891,198.55518434116547,522.4896655120306
2021-10-21 08:23:34.590563+00:00,67.54605650731827,192.42953125594755,521.0834161006276
2021-10-23 03:03:02.100440+00:00,64.18035468140056,184.3151129296001,466.7605572793557
2021-10-23 03:29:16.139087+00:00,64.08681280631623,183.99341304383705,465.71199696566896
2021-10-23 08:22:20.144608+00:00,65.0475816461359,184.59521375142376,465.9454956425834
2021-10-24 01:04:45.093853+00:00,66.31118421416173,186.31975299749945,466.4857763706327
2021-10-24 02:06:36.227936+00:00,65.51865382377625,185.4361401018101,465.4175346824686
2021-10-24 08:22:13.562954+00:00,64.31665796509067,182.59979768269503,459.8087901111376
2021-10-24 16:29:07.736844+00:00,67.74974965890263,178.96011081735375,454.3721286865132
2021-10-25 01:06:21.896540+00:00,75.5428481622163,183.3080905353968,475.907544132568
2021-10-25 08:23:19.635952+00:00,71.19527692313328,184.6663919243788,486.1744619297949
2021-10-25 16:30:07.384778+00:00,70.88810227946428,187.1403630269077,493.28413424019294
2021-10-26 01:01:44.633344+00:00,70.36872964911208,185.746637717478,487.3120837929992
2021-10-26 08:23:41.150112+00:00,71.4820661582321,187.1360591970389,486.6031341337536
2021-10-26 16:30:03.974171+00:00,71.08642455175465,183.58024457072,479.61500409424775
2021-10-27 01:01:13.242146+00:00,67.72218527893615,181.4978182509679,455.8369460444488
2021-10-27 08:23:22.210829+00:00,55.45034716458393,163.48713373961306,436.2946566506631
2021-10-27 16:29:52.937340+00:00,59.98415198523959,164.7748834102901,433.1972548333584
2021-10-28 01:02:24.574394+00:00,57.14318398513085,161.89187157506498,428.065509591945
2021-10-28 08:23:06.031470+00:00,82.26720199574609,175.56055290685538,442.579670029825
2021-10-28 16:30:09.802430+00:00,84.88233973798603,182.49266034578432,462.1497264070845
2021-10-29 01:00:45.521433+00:00,80.49367713096044,187.11626539582977,463.9019727555472
2021-10-29 08:23:18.172137+00:00,77.1431388251871,186.49773393612708,458.5874254367177
2021-10-29 16:29:59.151283+00:00,75.04386338822209,204.24869310293667,480.0647832740268
2021-10-30 01:00:37.609981+00:00,75.06551656439395,209.68523146753049,469.3293638579015
2021-10-30 08:22:39.946529+00:00,76.01380216930019,205.876997425822,465.2834107024784
2021-10-30 16:28:59.912255+00:00,70.42816066795447,200.1817761991953,462.98484996164655
2021-10-31 08:22:23.483072+00:00,67.48148222676093,205.7061321883171,461.7186889568136
2021-10-31 16:29:10.143169+00:00,64.2903308842844,196.42219173827127,453.062035439432
2021-11-01 02:44:15.637534+00:00,68.50704858114977,199.2895703699573,452.9233642288922
2021-11-01 08:23:48.037129+00:00,69.83388320177569,206.07864529788395,473.0020425299468
2021-11-01 16:30:11.284540+00:00,69.41078024023722,210.95770726388065,463.8234226073438
2021-11-02 01:04:58.218894+00:00,68.16040892423278,214.68361894757635,457.4678588543791
2021-11-02 16:30:37.701486+00:00,69.11130140607327,223.26043524749747,490.1883790384642
2021-11-03 01:02:20.717009+00:00,70.25406631779339,218.9796904866193,486.11976226310026
2021-11-03 08:23:27.466968+00:00,70.53589575931744,219.51546496403608,481.868713145026
2021-11-03 16:31:35.003810+00:00,67.28424920152514,217.68044075671648,473.1792590510679
2021-11-04 01:02:58.891235+00:00,67.58724140643636,225.15806833479104,478.538262743145
2021-11-04 08:23:06.993904+00:00,66.39602963135442,220.9171685312197,470.7642782025616
2021-11-04 16:30:05.516142+00:00,63.64364438910009,215.82366260255617,459.8071276852761
2021-11-05 01:02:26.526328+00:00,64.12301774521222,221.04464023165184,457.0853700090052
2021-11-05 08:23:17.514765+00:00,65.500060771016,241.9219486860431,469.231801793205
2021-11-05 16:30:31.540844+00:00,65.05953117888217,250.63609701669924,456.318597977399
2021-11-06 01:00:55.609681+00:00,66.03927916308122,255.4794733805692,460.5850474610561
2021-11-06 08:22:41.577911+00:00,64.94977825978027,257.1195659939285,460.6037577414485
2021-11-06 16:29:12.069406+00:00,63.420855481223,253.02480091819484,452.85801830449367
2021-11-07 01:05:06.305254+00:00,65.89334901738341,268.9572535221147,471.3828813878396
2021-11-07 08:22:39.277119+00:00,64.66635952481744,285.0485004830004,465.0016445832756
2021-11-07 16:29:09.799345+00:00,66.98970557138456,284.6840387447603,469.6690280483959
2021-11-08 01:03:27.881008+00:00,67.72193396788214,269.7508457549219,505.8106667131208
2021-11-08 08:23:57.614880+00:00,72.1482308691148,272.0201529723571,511.6871944767702
2021-11-08 16:31:29.786180+00:00,71.8070992248855,275.9067280360864,512.7569198700486
2021-11-09 01:03:24.510095+00:00,72.76886324762386,280.2380376258721,528.3721792242925
2021-11-10 01:03:12.483301+00:00,69.35512358098127,262.78166477169265,520.3309955026202
2021-11-10 08:23:49.913771+00:00,69.03320126303248,275.24839429534165,516.5073336334087
2021-11-10 16:30:49.002724+00:00,68.98493419584334,275.06333104937715,538.5734394828814
2021-11-11 01:04:06.954344+00:00,62.44174284635248,257.72482048496875,497.2091802157782
2021-11-11 08:23:54.311633+00:00,63.15139292442676,262.07055316814365,494.9092932835176
2021-11-11 16:30:51.772652+00:00,65.0500481723843,263.3031293319792,495.8135103859928
2021-11-12 01:04:40.170653+00:00,63.89925381116097,265.2590787839895,494.1930735237604
2021-11-12 08:23:42.103049+00:00,64.13419139882708,262.24533667257094,492.28004904120337
2021-11-12 16:30:22.540571+00:00,60.14156028449723,250.50414790906524,470.4464915027679
2021-11-13 01:01:54.160924+00:00,63.24881599990415,264.7069862060978,489.44692149136654
2021-11-13 08:56:17.864731+00:00,62.535338011068056,263.5085694586037,483.5439691231621
2021-11-13 16:29:42.170898+00:00,63.12519544618904,276.901716502842,494.1592289797151
2021-11-14 01:05:25.753044+00:00,63.93701210747862,280.6290907008894,497.0178979059144
2021-11-14 08:22:30.800727+00:00,63.72524495265198,270.96876020446206,489.0415957943332
2021-11-14 16:29:35.571639+00:00,64.14376530431738,281.6298728407112,487.03730911477305
2021-11-15 01:03:12.946750+00:00,65.02128119980853,283.55450058657783,506.0009634852697
2021-11-15 08:24:15.865290+00:00,63.75687889300793,275.8596479999802,500.4948028679296
2021-11-15 16:30:59.574424+00:00,63.03648756891872,270.2393152013144,486.6072837868788
2021-11-16 01:03:52.621672+00:00,59.360470305799545,265.4078261004166,458.6684199660059
2021-11-16 08:24:05.819856+00:00,58.12550690766729,252.7939508837951,447.9497716353887
2021-11-16 16:26:06.167158+00:00,55.0915900220068,238.7878975505664,445.5880944300866
2021-11-17 01:03:21.637296+00:00,53.46147318429708,236.499131310294,436.13162794939615
2021-11-17 16:27:47.557920+00:00,53.973435134590616,229.8743811338008,439.1841868242132
2021-11-18 01:03:45.328651+00:00,54.60697045228045,236.48833999292071,444.04272606929055
2021-11-18 08:23:41.381111+00:00,52.84220021908102,229.36231939491472,435.8533721047442
2021-11-18 16:30:32.673327+00:00,48.41011800478711,204.3578371432352,412.2581889613613
2021-11-19 01:03:42.164111+00:00,49.322390207072175,206.05375450510908,408.11839745620864
2021-11-19 08:23:24.833256+00:00,50.07838892998777,215.00753819162784,404.5984294609889
2021-11-19 16:30:19.944767+00:00,52.40541371573889,226.24396047103423,414.1080637418477
2021-11-20 01:02:35.583036+00:00,52.46723713226353,230.31804224005697,419.1630887933026
2021-11-20 16:29:53.851345+00:00,50.12822226675164,226.65433663699253,412.2593953441705
2021-11-21 01:06:03.325815+00:00,51.82582780948356,237.4187999900119,430.8364023014088
2021-11-21 08:23:06.974984+00:00,50.67361535360844,229.42954993795087,425.7565402186005
2021-11-22 01:04:41.282499+00:00,49.45800535437019,225.1166380615824,418.202378080079
2021-11-22 08:24:03.655713+00:00,48.84616297800859,220.753498648624,409.28466248558107
2021-11-22 16:32:15.473695+00:00,48.86770155348512,219.9988068509033,414.9743065140276
2021-11-23 01:03:34.240634+00:00,48.26837927414394,218.19917538690288,401.65732376763606
2021-11-23 08:24:03.344245+00:00,47.04487933523141,214.48809064957936,391.7717821794281
2021-11-23 16:31:04.187292+00:00,51.15330579865616,236.0085834503015,409.6654787139457
2021-11-24 01:03:20.555933+00:00,50.456401995175,231.88227111440324,410.8811326351956
2021-11-24 16:31:07.078910+00:00,46.24705072516272,228.28085993982177,401.0733306774958
2021-11-25 01:04:19.492617+00:00,47.61409857463353,235.5479373765377,416.849465762139
2021-11-25 08:23:58.740702+00:00,47.21351006073607,242.9513120130033,413.2600805027535
2021-11-25 16:30:54.709985+00:00,48.50464585822853,257.6823760689364,426.2593761234687
2021-11-26 01:02:30.972632+00:00,47.664353496262976,257.8142036296259,422.42836329990007
2021-11-26 08:23:44.109615+00:00,41.85841375884685,222.6513440096089,393.2499418229854
2021-11-26 16:30:56.544014+00:00,40.44607791421417,221.8838756041468,372.6798868653002
2021-11-27 08:23:21.155249+00:00,41.49205448981344,228.30143070958275,376.9918918781059
2021-11-27 16:29:47.754260+00:00,41.72643760271912,235.93347667905644,377.2065337513657
2021-11-28 04:31:07.530176+00:00,39.26194788942111,216.8260990342136,368.6534805518145
2021-11-28 08:22:56.369321+00:00,39.697611259843534,224.2310056535232,372.9285836958442
2021-11-28 16:29:44.248783+00:00,38.633125703875294,222.3805631501697,368.2696182679298
2021-11-29 01:04:02.243366+00:00,41.89067586930128,238.472457899776,406.5522511476569
2021-11-29 08:24:35.470540+00:00,41.34691214039987,237.519211462922,401.1939742232816
2021-11-29 16:32:04.122427+00:00,43.73408050886346,242.33359499096048,398.6080826445436
2021-11-30 08:20:06.923656+00:00,44.51486860545716,236.30585055060047,392.9363951484042
2021-11-30 16:31:05.977608+00:00,44.94657578584673,242.58615428466743,403.9561792861293
2021-12-01 01:08:11.769971+00:00,44.35815282553925,245.8621135108044,403.8791508128232
2021-12-01 08:24:09.343969+00:00,44.75601091413833,252.7791344779368,406.3712957505561
2021-12-01 16:31:41.665338+00:00,44.418437996263016,255.84806487153617,416.9675749357461
2021-12-02 01:04:52.702495+00:00,41.97755344693186,242.0757999825977,398.9309837580036
2021-12-02 08:24:03.563025+00:00,41.567375311906126,243.6496931559211,399.05248463155937
2021-12-02 16:31:32.249604+00:00,42.54310362655215,240.8836284095864,391.9429798521118
2021-12-03 01:04:09.662901+00:00,43.12129190599833,239.7029936234758,395.7342043544319
2021-12-03 14:12:38.364861+00:00,42.684364872442025,242.51774111885507,397.4608101849259
2021-12-04 01:59:52.716590+00:00,3.9217033329018944e-08,7.945767299151396e-06,3.735008588874412e-05
2021-12-05 02:06:55.134082+00:00,1.928751559061374e-08,6.152008460683651e-06,2.54994871889652e-05
2021-12-06 02:03:14.501705+00:00,1.8621915977524645e-08,5.740327555976475e-06,2.541691332033436e-05
2021-12-08 02:04:10.158522+00:00,2.0816142727647533e-08,6.70533747370731e-06,2.787880438976591e-05
2021-12-09 02:03:19.963955+00:00,2.1208458974277023e-08,7.93600422018287e-06,2.7523743567043784e-05
2021-12-10 01:58:51.437935+00:00,1.879783143939207e-08,6.681253634720983e-06,2.4257501226670217e-05
2021-12-11 02:00:30.901383+00:00,1.7058978960368583e-08,5.9898048291563016e-06,2.3339211861096583e-05
2021-12-12 02:04:29.328571+00:00,1.773986191210318e-08,6.049645937030147e-06,2.5253367469275908e-05
2021-12-13 02:02:44.936657+00:00,1.681181226596656e-08,5.966176163894834e-06,2.4412148618250643e-05
2021-12-14 02:05:06.701090+00:00,1.4905937871547025e-08,4.8297941620759065e-06,2.1358022523837973e-05
2021-12-15 02:02:30.384627+00:00,1.994671064470389e-08,4.931117228141462e-06,2.2839590999274306e-05
2021-12-16 02:02:08.600192+00:00,1.9512160225588724e-08,5.2410413412592194e-06,2.42215982170655e-05
2021-12-17 02:06:12.398560+00:00,1.755755214551175e-08,4.968858358795916e-06,2.225001132096568e-05
2021-12-18 02:06:48.799499+00:00,1.5691013152668036e-08,4.601796333109912e-06,1.9280265748268136e-05
2021-12-19 02:08:52.196098+00:00,1.6680146878849703e-08,4.982614083191182e-06,2.065162083253133e-05
2021-12-20 02:05:58.720489+00:00,1.631597389574791e-08,4.864484513412031e-06,2.0548162690287258e-05
2021-12-21 02:07:19.637745+00:00,1.574059573210493e-08,4.667772841095927e-06,2.106448645111432e-05
2021-12-22 02:07:12.053276+00:00,1.6625925140270825e-08,4.932047090790523e-06,2.348848335482708e-05
2021-12-23 02:05:21.937912+00:00,1.7248999532371074e-08,5.039930252695429e-06,2.2984376383867435e-05
2021-12-24 02:04:09.538686+00:00,1.9705684289157927e-08,5.471298148340228e-06,2.761574963985176e-05
2021-12-25 02:03:22.413826+00:00,2.0893659456563625e-08,5.328445462830967e-06,2.670769963521925e-05
2021-12-26 02:08:09.582760+00:00,2.1686552357941853e-08,5.322481287619113e-06,2.5988496347977323e-05
2021-12-27 02:05:52.062229+00:00,2.1373424067090884e-08,5.372238124607735e-06,2.631370881305552e-05
2021-12-28 02:04:46.011951+00:00,1.9289845021726643e-08,5.55568097884944e-06,2.503623938631458e-05
2021-12-29 02:04:28.343039+00:00,1.735070803666205e-08,4.994967483338592e-06,2.16886904835409e-05
2021-12-31 02:06:50.874044+00:00,1.6145827035873022e-08,4.3313178023149314e-06,2.042938809409142e-05
2022-01-01 02:08:16.491465+00:00,1.636844069066531e-08,4.472473439939696e-06,2.018106059713535e-05
2022-01-02 02:09:25.269639+00:00,1.6405739169205784e-08,4.596657865315881e-06,2.084299598234856e-05
2022-01-03 02:06:07.316886+00:00,1.646184935740536e-08,4.69551092008793e-06,2.0387708496740524e-05
2022-01-04 02:07:17.930926+00:00,1.5635739661725572e-08,4.137001118383991e-06,1.9104396687943763e-05
2022-01-05 02:09:03.753746+00:00,1.5598970263003158e-08,4.223688426757127e-06,1.9228367051535348e-05
2022-01-06 02:13:20.303479+00:00,1.2565176220350705e-08,3.221771404355975e-06,1.573815991507323e-05
2022-01-07 02:12:55.856916+00:00,1.2683797655159056e-08,3.229512231296145e-06,1.5200924751522304e-05
2022-01-08 02:06:39.007520+00:00,1.235118793573038e-08,2.8747452651013483e-06,1.412477162548452e-05
2022-01-09 02:10:40.594839+00:00,1.1467811995876492e-08,2.48077431479252e-06,1.3949024671266652e-05
2022-01-10 02:07:41.644586+00:00,1.1457936942266266e-08,2.581358564435362e-06,1.3890754760882188e-05
2022-01-11 02:08:45.039874+00:00,1.0348213804888462e-08,2.373769886442354e-06,1.395867146457748e-05
2022-01-13 02:10:33.532126+00:00,1.3259583643591612e-08,3.309492037976701e-06,1.579059788174456e-05
2022-01-14 02:09:16.804800+00:00,1.5560088093978e-08,3.2874676315345657e-06,1.4610946316627431e-05
2022-01-15 02:07:11.131757+00:00,1.7402854728379024e-08,3.468760325546774e-06,1.5063217580432754e-05
2022-01-16 02:11:48.135970+00:00,1.6800417431891332e-08,3.614396613293806e-06,1.5163751123716865e-05
2022-01-17 02:09:29.062289+00:00,1.5080617558685963e-08,3.63245685356469e-06,1.5090795201264792e-05
2022-01-18 02:10:02.308791+00:00,1.4239983805041142e-08,3.285604930112424e-06,1.4678541918707788e-05
2022-01-19 01:57:03.378654+00:00,1.3250660552578195e-08,3.1959225916603787e-06,1.46683696434697e-05
2022-01-20 02:12:42.486266+00:00,1.2968798380517434e-08,3.1146787381754444e-06,1.3961209638421366e-05
2022-01-21 02:00:04.456828+00:00,1.0713269767991573e-08,2.312421096568497e-06,1.1755573238008471e-05
2022-01-22 01:55:36.017016+00:00,9.776525210561809e-09,1.6740813957902398e-06,8.713745628728082e-06
2022-01-23 01:58:16.603733+00:00,8.659850130045443e-09,1.3391734740386852e-06,7.775310839973497e-06
2022-01-24 02:05:11.829999+00:00,8.809167979959957e-09,1.3768462953592248e-06,7.935765207206496e-06
2022-01-25 02:05:01.580174+00:00,8.352883122534171e-09,1.189910507228323e-06,8.257345845720955e-06
2022-01-26 02:05:49.333161+00:00,9.321282989863274e-09,1.3570833543153676e-06,8.80118389912492e-06
2022-01-27 01:59:32.094287+00:00,8.73367872679176e-09,1.2276571463411462e-06,8.073460430143255e-06
2022-01-28 01:59:30.034027+00:00,8.808920351251769e-09,1.4013581349657484e-06,8.783395150277215e-06
2022-01-29 01:53:37.473814+00:00,9.050068971687454e-09,1.409249439413887e-06,9.250418265858656e-06
2022-01-30 01:58:34.028125+00:00,9.057323153693341e-09,1.4185803175889203e-06,9.513857942010157e-06
2022-01-31 01:56:55.500548+00:00,8.523000624996041e-09,1.223167325463542e-06,8.67019368423316e-06
2022-02-01 02:02:29.037584+00:00,8.94579153304446e-09,1.3178479844640547e-06,9.75508767337671e-06
2022-02-02 01:59:55.956797+00:00,9.085297595280942e-09,1.3662850265494455e-06,9.897788398811364e-06
2022-02-03 01:56:30.045976+00:00,8.447246148079671e-09,1.1762932926923117e-06,8.646659404400425e-06
2022-02-04 01:49:57.998862+00:00,8.456432742335197e-09,1.2321085167896803e-06,8.831596196837022e-06
2022-02-05 01:39:26.419572+00:00,9.57320048304269e-09,1.5042477390532502e-06,1.1834754131798176e-05
2022-02-06 02:10:56.489323+00:00,9.753317789211644e-09,1.7775223931860645e-06,1.2074473173570263e-05
2022-02-07 01:59:05.790149+00:00,1.0692902163797164e-08,1.7472916931116197e-06,1.2457896942092093e-05
2022-02-08 02:00:44.981065+00:00,1.1927534312669709e-08,1.959379452610675e-06,1.427261628628983e-05
2022-02-09 02:05:22.366497+00:00,1.05488277481056e-08,1.6270887238075364e-06,1.4013029428039867e-05
2022-02-10 01:59:26.471224+00:00,1.1193105589283128e-08,1.7483313020175788e-06,1.443291860278526e-05
2022-02-11 02:02:04.314200+00:00,9.837877306145744e-09,1.6380682957964478e-06,1.3360318083852432e-05
2022-02-12 02:04:21.894959+00:00,9.090600783802108e-09,1.5169596489256408e-06,1.2603548299725182e-05
2022-02-13 02:03:02.900910+00:00,8.956213127496476e-09,1.5238507481285766e-06,1.2409287715300995e-05
2022-02-14 01:57:14.241173+00:00,9.076838220094782e-09,1.402646717411102e-06,1.1960406102813011e-05
2022-02-15 02:08:52.110483+00:00,9.438609998590492e-09,1.6345536169416091e-06,1.3570332743246214e-05
2022-02-16 02:07:24.327136+00:00,9.639620112952486e-09,1.8417987628210367e-06,1.3982428536243416e-05
2022-02-17 01:55:18.928873+00:00,9.507879717475322e-09,1.803226111494912e-06,1.3914380972625869e-05
2022-02-18 02:05:01.049248+00:00,8.415937451077239e-09,1.496639505645072e-06,1.0865830265699154e-05
2022-02-19 02:01:06.214101+00:00,8.524787953781314e-09,1.4893363613495518e-06,1.030987992777718e-05
2022-02-20 02:05:01.322990+00:00,8.271259683788177e-09,1.4164394886737692e-06,1.0189285070800568e-05
2022-02-21 02:00:28.590380+00:00,8.171892685859578e-09,1.345969043584802e-06,9.50217307216227e-06
2022-02-22 02:00:56.386227+00:00,7.143736786896152e-09,1.0387723793062968e-06,8.090878334416157e-06
2022-02-23 02:07:57.555598+00:00,7.359267543257094e-09,1.1614037132815758e-06,8.654815864151175e-06
2022-02-24 02:08:23.767719+00:00,6.984322754786305e-09,1.0831704654916867e-06,7.857037000988395e-06
2022-02-25 02:07:01.003202+00:00,6.389347356940956e-09,9.92398535164762e-07,8.977545094948998e-06
2022-02-26 01:59:26.402260+00:00,6.8351748439884765e-09,1.1271774059396446e-06,9.746610392502425e-06
2022-02-27 02:05:32.783054+00:00,6.445088511833934e-09,9.81632645208334e-07,8.79257178253134e-06
2022-02-28 02:06:52.715678+00:00,6.344558163830283e-09,9.593805826299049e-07,8.548814648525418e-06
2022-03-01 02:19:32.253141+00:00,6.976182821148177e-09,1.1964859549799106e-06,1.1848583723542358e-05
2022-03-02 02:13:34.535812+00:00,7.1028886829045814e-09,1.3478165120667028e-06,1.2538744518855256e-05
2022-03-03 02:15:40.816873+00:00,6.940891214628811e-09,1.3101237746584409e-06,1.226100580173825e-05
2022-03-04 02:18:49.937704+00:00,6.409295044724838e-09,1.1631268720625998e-06,1.0302852893815949e-05
2022-03-05 02:08:25.264290+00:00,6.1174962294621225e-09,9.803759177907476e-07,8.440690003357423e-06
2022-03-06 02:08:12.225822+00:00,6.312767767143564e-09,1.0851904772284292e-06,8.703819377374554e-06
2022-03-07 02:12:57.589925+00:00,5.981013502566035e-09,9.842891103812046e-07,7.938813501868088e-06
2022-03-08 02:10:39.835058+00:00,5.827976461790929e-09,1.0560776380261542e-06,7.905167539670905e-06
2022-03-09 02:15:38.156289+00:00,5.887645066801644e-09,1.123954393969464e-06,8.557450042124045e-06
2022-03-10 02:22:45.957814+00:00,5.89444526428718e-09,1.1091844980977503e-06,9.433997266090977e-06
